Name,Price,Rating
Unique Men Watches,₹178 onwards,3.8
Stylish Men Watches,₹150 onwards,3.8
Stylish Men Watches,₹147 onwards,3.8
Stylish Men Watches,₹147 onwards,3.8
Men's Elegant Watches Vol 13,₹282 onwards,4.0
Trendy Men Watches,₹220 onwards,4.0
Trendy Men Watches,₹185 onwards,4.0
Stylish Men Watches,₹196 onwards,4.2
Trendy Men Watches,₹264 onwards,3.7
Classy Men Watches,₹162 onwards,3.8
Classic Men Watches,₹231 onwards,3.9
Colorful Women Analog Watches Men Watches,₹163 onwards,3.5
